"unidade";"equipe";"ind_8.num";"ind_8.den";"ind_9.1.num";"ind_9.2.num";"ind_9.3.num";"ind_9.den";"ind_13.num";"ind_13.den";"ind_16.num";"ind_16.den";"ind_3.1";"ind_3.2";"ind_3.3";"ind_3.4";"ind_3.5";"ind_3.6";"ind_3.7";"ind_3.9";"ind_3.11";"ind_3.13";"ind_3.14"
"CS ABRAAO";"570";"1921";"1928";"375";"1464";"1542";"2595";"152";"1617";"25";"84";"2977";"2477";"2493";"664";"139";"494";"871";"42";"4";"16";"452"
"CS ABRAAO";"571";"1633";"1640";"325";"1425";"938";"2187";"132";"1558";"16";"101";"2632";"2324";"1895";"578";"88";"619";"902";"51";"5";"4";"405"
"CS ABRAAO";"572";"1513";"1519";"248";"1212";"1027";"2091";"147";"1367";"31";"179";"2410";"2011";"1854";"447";"84";"607";"787";"32";"4";"3";"432"
"CS AGRONOMICA";"690";"1589";"1608";"264";"1429";"842";"2196";"188";"1618";"31";"82";"2385";"2093";"1624";"539";"134";"252";"555";"73";"11";"16";"290"
"CS AGRONOMICA";"691";"1689";"1723";"348";"1522";"864";"2291";"144";"1666";"9";"43";"2470";"2224";"1629";"641";"203";"225";"604";"60";"4";"15";"408"
"CS AGRONOMICA";"692";"1376";"1406";"215";"1175";"890";"2084";"188";"1367";"11";"30";"2240";"1871";"1543";"436";"126";"262";"530";"86";"9";"9";"282"
"CS AGRONOMICA";"693";"1361";"1384";"200";"1210";"904";"1862";"124";"1339";"18";"50";"2155";"1895";"1615";"435";"97";"371";"685";"51";"5";"14";"295"
"CS AGRONOMICA";"694";"1616";"1644";"282";"1378";"1092";"2048";"102";"1480";"25";"63";"2261";"1991";"1751";"507";"149";"265";"574";"39";"6";"25";"292"
"CS AGRONOMICA";"695";"1378";"1396";"296";"1180";"902";"1869";"79";"1260";"3";"43";"2017";"1746";"1596";"534";"201";"77";"391";"32";"4";"19";"230"
"CS ALTO RIBEIRAO";"210";"2032";"2060";"573";"1617";"1322";"2567";"791";"2408";"8";"28";"2981";"2463";"2183";"949";"171";"382";"863";"39";"9";"19";"376"
"CS ALTO RIBEIRAO";"211";"1454";"1466";"411";"1136";"887";"1714";"350";"1487";"10";"35";"1911";"1593";"1333";"605";"117";"275";"547";"19";"2";"5";"270"
"CS ALTO RIBEIRAO";"212";"1250";"1271";"348";"911";"862";"1685";"339";"1253";"8";"28";"1873";"1513";"1367";"584";"115";"253";"515";"20";"2";"10";"270"
"CS ARMACAO";"240";"1791";"1846";"368";"1507";"941";"2578";"565";"2073";"10";"50";"2937";"2470";"1948";"646";"128";"553";"878";"50";"7";"15";"349"
"CS ARMACAO";"241";"1378";"1414";"295";"1143";"943";"1877";"382";"1528";"12";"46";"2095";"1783";"1652";"500";"104";"308";"637";"35";"1";"7";"275"
"CS ARMACAO";"242";"8";"8";"0";"7";"3";"14";"25";"32";NA;NA;"14";"12";"9";"0";"0";"1";"11";"0";"0";"0";"5"
"CS BALNEARIO";"20";"1627";"1629";"270";"1297";"1134";"2349";"331";"1628";"41";"153";"2539";"2053";"2023";"490";"86";"546";"765";"47";"7";"4";"506"
"CS BALNEARIO";"21";"1599";"1604";"260";"1360";"1048";"2245";"209";"1569";"11";"60";"2488";"2083";"2083";"512";"81";"561";"831";"48";"7";"7";"262"
"CS BARRA DA LAGOA";"440";"1831";"1921";"335";"1673";"806";"2531";"259";"1933";"9";"48";"2713";"2435";"1361";"674";"131";"359";"544";"46";"3";"15";"328"
"CS BARRA DA LAGOA";"441";"2007";"2103";"366";"1789";"885";"2801";"330";"2121";"14";"52";"2991";"2591";"1566";"741";"145";"436";"689";"47";"4";"12";"371"
"CS BARRA DA LAGOA";"442";"1356";"1381";"284";"1158";"661";"1796";"150";"1309";"6";"39";"1973";"1718";"1221";"568";"83";"294";"512";"36";"5";"8";"245"
"CS CACHOEIRA DO BOM JESUS";"400";"1903";"1937";"298";"1585";"977";"2775";"727";"2312";"17";"129";"2947";"2490";"1819";"502";"168";"439";"724";"44";"3";"19";"502"
"CS CACHOEIRA DO BOM JESUS";"401";"1607";"1638";"305";"1361";"850";"2260";"644";"2005";"15";"94";"2461";"2166";"1632";"507";"184";"349";"665";"43";"7";"23";"369"
"CS CACHOEIRA DO BOM JESUS";"402";"1487";"1519";"273";"1267";"795";"1946";"507";"1774";"14";"62";"2131";"1887";"1424";"482";"195";"220";"600";"54";"11";"27";"316"
"CS CAIEIRA DA BARRA DO SUL";"200";"1438";"1453";"416";"1230";"858";"1747";"260";"1490";"20";"69";"2117";"1888";"1442";"685";"86";"487";"922";"19";"12";"11";"400"
"CS CAMPECHE";"280";"1794";"1804";"426";"1533";"724";"2504";"836";"2380";"19";"86";"2786";"2400";"1502";"816";"139";"400";"737";"45";"3";"21";"371"
"CS CAMPECHE";"281";"1606";"1624";"324";"1352";"788";"2336";"814";"2172";"7";"87";"2554";"2132";"1719";"654";"135";"410";"663";"44";"3";"9";"326"
"CS CAMPECHE";"282";"1546";"1553";"334";"1260";"832";"2203";"566";"1844";"6";"50";"2372";"1973";"1454";"712";"114";"329";"557";"31";"5";"7";"282"
"CS CAMPECHE";"283";"1328";"1340";"315";"997";"792";"1812";"508";"1517";"6";"67";"1947";"1563";"1418";"588";"94";"318";"454";"29";"4";"11";"262"
"CS CANASVIEIRAS";"380";"1664";"1689";"234";"1330";"864";"2481";"1092";"2422";"14";"134";"2661";"2046";"1726";"423";"161";"354";"677";"54";"8";"10";"468"
"CS CANASVIEIRAS";"381";"2192";"2214";"294";"1713";"1162";"3359";"1360";"3073";"27";"186";"3575";"2785";"2295";"556";"191";"592";"938";"82";"6";"27";"593"
"CS CANASVIEIRAS";"382";"1800";"1817";"272";"1346";"1198";"2438";"1018";"2364";"12";"100";"2775";"2153";"2194";"463";"194";"374";"910";"48";"9";"24";"424"
"CS CANASVIEIRAS";"383";"1982";"2009";"354";"1458";"1471";"2774";"1159";"2663";"6";"102";"3183";"2482";"2725";"599";"266";"306";"967";"36";"4";"42";"591"
"CS CANASVIEIRAS";"384";"2085";"2112";"332";"1501";"1739";"2770";"1039";"2558";"10";"61";"3227";"2581";"2844";"634";"257";"353";"987";"55";"3";"28";"511"
"CS CANASVIEIRAS";"385";"1787";"1804";"338";"1315";"1307";"2395";"888";"2203";"12";"68";"2584";"1929";"2141";"595";"202";"229";"669";"43";"5";"30";"425"
"CS CANTO DA LAGOA";"450";"1785";"1811";"349";"1397";"868";"2230";"307";"1707";"16";"33";"2296";"1874";"1396";"601";"110";"270";"330";"37";"2";"8";"255"
"CS CAPIVARI";"990";"2138";"2154";"408";"1647";"1485";"2679";"771";"2420";"21";"81";"3014";"2527";"2322";"670";"198";"562";"1011";"54";"6";"34";"503"
"CS CAPIVARI";"991";"1999";"2012";"336";"1491";"1351";"3260";"1202";"2695";"51";"126";"3470";"2661";"2579";"646";"252";"376";"787";"59";"14";"14";"520"
"CS CAPIVARI";"992";"1629";"1644";"312";"1223";"1155";"2495";"904";"2128";"14";"47";"2847";"2259";"2193";"547";"163";"447";"924";"45";"2";"15";"406"
"CS CAPIVARI";"993";"1803";"1834";"385";"1508";"1250";"2469";"683";"2193";"15";"104";"2706";"2262";"2060";"597";"178";"323";"801";"40";"11";"25";"431"
"CS CAPIVARI";"994";"2096";"2157";"428";"1765";"1539";"2897";"795";"2560";"9";"103";"3134";"2640";"2446";"715";"256";"372";"901";"54";"9";"34";"502"
"CS CAPIVARI";"995";"761";"770";"163";"613";"584";"851";"195";"808";"23";"47";"957";"807";"790";"221";"64";"146";"333";"14";"5";"21";"177"
"CS CAPOEIRAS";"60";"1674";"1696";"329";"1430";"918";"2255";"276";"1706";"4";"45";"2778";"2448";"1900";"679";"118";"552";"1030";"40";"9";"17";"260"
"CS CAPOEIRAS";"61";"1547";"1564";"392";"1289";"874";"2114";"252";"1541";"14";"67";"2403";"2069";"1692";"638";"88";"370";"789";"55";"5";"13";"356"
"CS CAPOEIRAS";"62";"1532";"1547";"305";"1185";"1099";"2227";"298";"1483";"15";"103";"2446";"1950";"1898";"550";"101";"430";"908";"48";"4";"7";"363"
"CS CARIANOS";"270";"1653";"1696";"322";"1367";"807";"2479";"378";"1746";"20";"86";"2664";"2318";"1643";"581";"140";"372";"683";"45";"1";"11";"291"
"CS CARIANOS";"271";"1869";"1944";"426";"1506";"1093";"2893";"503";"2012";"16";"117";"3108";"2675";"1995";"758";"152";"355";"714";"43";"3";"6";"392"
"CS CARIANOS";"272";"1315";"1339";"322";"1144";"762";"1662";"169";"1313";"23";"93";"1849";"1693";"1238";"534";"103";"286";"522";"25";"2";"15";"312"
"CS CENTRO";"950";"1527";"1537";"201";"1140";"1074";"2433";"248";"1388";"17";"71";"2679";"2090";"1967";"426";"73";"613";"676";"103";"9";"3";"384"
"CS CENTRO";"951";"1222";"1226";"135";"925";"814";"1971";"189";"1114";"2";"29";"2070";"1596";"1456";"310";"50";"466";"418";"65";"6";"2";"233"
"CS CENTRO";"952";"1380";"1386";"152";"1216";"925";"1994";"234";"1450";"28";"76";"2178";"1880";"1593";"349";"69";"501";"594";"83";"10";"6";"362"
"CS CENTRO";"953";"1795";"1801";"235";"1539";"1189";"2496";"177";"1716";"19";"88";"3008";"2626";"2233";"536";"93";"692";"1043";"150";"11";"10";"445"
"CS COLONINHA";"70";"1543";"1562";"497";"1173";"866";"2287";"646";"1819";"4";"57";"2604";"2164";"1762";"898";"121";"474";"894";"56";"4";"12";"514"
"CS COLONINHA";"71";"1331";"1339";"346";"973";"728";"2035";"384";"1358";"8";"63";"2171";"1631";"1479";"624";"83";"372";"625";"38";"2";"17";"280"
"CS COLONINHA";"72";"1672";"1681";"464";"1362";"690";"2479";"318";"1681";"9";"105";"2720";"2187";"1761";"799";"105";"559";"934";"50";"7";"9";"500"
"CS COQUEIROS";"600";"1263";"1271";"260";"1092";"796";"1772";"165";"1257";"1";"56";"2027";"1761";"1555";"432";"52";"492";"672";"34";"2";"9";"277"
"CS COQUEIROS";"601";"1647";"1663";"408";"1364";"911";"2280";"173";"1537";"5";"62";"2525";"2165";"1804";"677";"94";"566";"764";"66";"7";"14";"321"
"CS COQUEIROS";"602";"1683";"1687";"391";"1350";"948";"2469";"228";"1579";"26";"86";"2764";"2311";"1965";"672";"97";"597";"840";"61";"9";"11";"362"
"CS CORREGO GRANDE";"170";"1351";"1352";"180";"1107";"713";"2061";"133";"1240";"13";"43";"2228";"1754";"1643";"335";"93";"334";"420";"17";"2";"1";"306"
"CS CORREGO GRANDE";"171";"1272";"1276";"186";"1076";"656";"1968";"113";"1191";"12";"35";"2047";"1685";"1391";"312";"105";"326";"354";"21";"5";"6";"205"
"CS CORREGO GRANDE";"172";"1197";"1203";"274";"1051";"737";"1563";"80";"1131";"7";"17";"1659";"1475";"1295";"438";"97";"158";"342";"24";"1";"6";"283"
"CS CORREGO GRANDE";"173";"1536";"1542";"222";"1302";"994";"2072";"64";"1369";"10";"48";"2192";"1832";"1714";"341";"98";"381";"417";"31";"5";"9";"262"
"CS COSTA DA LAGOA";"460";"610";"635";"130";"564";"322";"756";"51";"615";"0";"8";"824";"764";"525";"270";"36";"141";"219";"4";"0";"0";"121"
"CS COSTEIRA DO PIRAJUBAE";"300";"1558";"1617";"395";"1205";"1038";"2176";"465";"1670";"11";"52";"2576";"2111";"1969";"662";"145";"359";"788";"48";"4";"15";"376"
"CS COSTEIRA DO PIRAJUBAE";"301";"1651";"1701";"421";"1411";"955";"2146";"385";"1796";"17";"87";"2401";"2059";"1693";"689";"130";"360";"745";"49";"7";"14";"379"
"CS COSTEIRA DO PIRAJUBAE";"302";"1779";"1829";"449";"1451";"1016";"2497";"896";"2347";"17";"61";"2757";"2263";"1943";"767";"158";"348";"811";"51";"3";"18";"397"
"CS COSTEIRA DO PIRAJUBAE";"303";"1856";"1875";"401";"1571";"1189";"2376";"339";"1910";"7";"60";"2965";"2627";"2261";"769";"168";"509";"1105";"67";"3";"16";"405"
"CS ESTREITO";"80";"1608";"1612";"287";"1403";"1106";"2187";"233";"1639";"28";"85";"2453";"2120";"1891";"526";"82";"597";"763";"24";"8";"3";"371"
"CS ESTREITO";"81";"1979";"1982";"368";"1810";"955";"2528";"218";"2029";"21";"98";"3170";"2903";"2120";"740";"99";"716";"1222";"64";"4";"12";"470"
"CS ESTREITO";"82";"1914";"1917";"324";"1467";"1321";"2403";"146";"1613";"24";"76";"2623";"2126";"1971";"565";"79";"537";"672";"44";"2";"6";"319"
"CS ESTREITO";"83";"1774";"1774";"490";"1463";"1304";"2353";"229";"1693";"10";"62";"2890";"2463";"2371";"973";"116";"556";"1009";"51";"7";"5";"462"
"CS FAZENDA DO RIO TAVARES";"780";"1934";"1951";"440";"1539";"1135";"2595";"971";"2513";"11";"55";"2902";"2349";"2107";"775";"133";"373";"727";"48";"7";"17";"417"
"CS FAZENDA DO RIO TAVARES";"781";"2191";"2207";"458";"1875";"737";"3279";"1489";"3370";"9";"60";"3664";"3145";"1718";"837";"181";"553";"1069";"56";"13";"18";"489"
"CS FAZENDA DO RIO TAVARES";"782";"1745";"1755";"430";"1466";"806";"2213";"599";"2065";"9";"52";"2432";"2012";"1520";"661";"161";"313";"668";"40";"5";"21";"285"
"CS INGLESES";"430";"1";"1";"0";"1";"0";"1";"6";"7";NA;NA;"1";"1";"0";"0";"0";"0";"0";"0";"0";"0";"0"
"CS INGLESES";"431";"1781";"1803";"358";"1422";"1119";"2380";"568";"1990";"15";"44";"2695";"2229";"1954";"613";"154";"535";"869";"58";"4";"16";"432"
"CS INGLESES";"432";"2168";"2200";"387";"1790";"1237";"3030";"1041";"2832";"30";"79";"3312";"2727";"2354";"659";"228";"509";"941";"59";"0";"17";"533"
"CS INGLESES";"433";"1799";"1852";"371";"1434";"1029";"2823";"1080";"2514";"3";"50";"2967";"2337";"2022";"599";"250";"311";"756";"72";"8";"25";"492"
"CS INGLESES";"434";"2025";"2052";"473";"1488";"1142";"3340";"1383";"2874";"7";"64";"3568";"2681";"2504";"781";"225";"579";"938";"79";"10";"24";"574"
"CS INGLESES";"435";"1375";"1417";"295";"1049";"905";"1800";"676";"1725";"5";"36";"1956";"1557";"1430";"484";"185";"178";"522";"41";"3";"17";"315"
"CS INGLESES";"436";"1981";"2030";"394";"1556";"1336";"2860";"924";"2480";"11";"34";"3401";"2803";"2592";"694";"175";"600";"1168";"58";"7";"20";"662"
"CS INGLESES";"437";"1750";"1795";"374";"1307";"1221";"2726";"922";"2229";"15";"54";"3000";"2307";"2371";"653";"188";"419";"891";"50";"5";"31";"450"
"CS INGLESES";"438";"1";"1";"1";"0";"0";"7";"21";"21";NA;NA;"7";"4";"0";"3";"0";"1";"1";"0";"0";"0";"1"
"CS ITACORUBI";"190";"2133";"2145";"422";"1419";"1492";"3044";"192";"1612";"24";"76";"3208";"2347";"2475";"660";"137";"321";"524";"54";"4";"10";"380"
"CS ITACORUBI";"191";"1511";"1516";"285";"1062";"1071";"2197";"147";"1209";"21";"47";"2285";"1734";"1696";"448";"82";"264";"341";"33";"2";"5";"264"
"CS ITACORUBI";"192";"2026";"2045";"585";"1836";"1020";"2473";"88";"1925";"8";"35";"2738";"2508";"1869";"961";"178";"218";"623";"66";"3";"10";"180"
"CS ITACORUBI";"193";"1622";"1625";"294";"1223";"1092";"2333";"103";"1326";"4";"32";"2548";"2040";"1863";"503";"121";"284";"544";"44";"3";"3";"251"
"CS ITACORUBI";"194";"1153";"1160";"209";"931";"778";"1507";"62";"993";"21";"44";"1761";"1495";"1290";"367";"52";"361";"528";"25";"2";"7";"227"
"CS JARDIM ATLANTICO";"10";"1369";"1370";"377";"1079";"848";"1775";"684";"1763";"65";"144";"1959";"1597";"1409";"592";"76";"359";"631";"50";"4";"10";"647"
"CS JARDIM ATLANTICO";"11";"1199";"1199";"321";"1007";"591";"1534";"464";"1471";"22";"85";"1979";"1750";"1241";"622";"94";"371";"885";"46";"8";"14";"558"
"CS JOAO PAULO";"320";"2076";"2092";"494";"1886";"1100";"2804";"103";"1989";"23";"91";"3197";"2893";"2136";"810";"112";"596";"886";"30";"2";"10";"470"
"CS JOAO PAULO";"321";"1479";"1491";"351";"1273";"820";"1978";"104";"1378";"13";"47";"2330";"2117";"1543";"639";"90";"416";"711";"30";"6";"5";"325"
"CS JURERE";"390";"1253";"1263";"287";"883";"719";"2064";"823";"1707";"26";"61";"2323";"1675";"1620";"501";"77";"517";"701";"34";"1";"2";"335"
"CS JURERE";"391";"1235";"1243";"342";"949";"621";"1681";"303";"1252";"3";"17";"2001";"1646";"1271";"581";"87";"475";"676";"24";"3";"5";"300"
"CS LAGOA DA CONCEICAO";"470";"1607";"1627";"309";"1389";"1028";"1999";"202";"1594";"11";"29";"2260";"1994";"1767";"525";"73";"360";"618";"42";"5";"5";"203"
"CS LAGOA DA CONCEICAO";"471";"1375";"1383";"268";"1109";"887";"1802";"287";"1396";"13";"51";"2050";"1705";"1617";"470";"63";"364";"599";"42";"3";"5";"289"
"CS LAGOA DA CONCEICAO";"472";"1400";"1417";"236";"1081";"1040";"1856";"276";"1357";"14";"57";"1966";"1548";"1569";"396";"65";"285";"411";"55";"3";"4";"347"
"CS LAGOA DA CONCEICAO";"473";"1209";"1215";"240";"935";"859";"1771";"187";"1123";"20";"32";"1849";"1439";"1466";"443";"81";"183";"270";"33";"4";"4";"131"
"CS MONTE CRISTO";"40";"1856";"1873";"402";"1762";"1268";"2271";"260";"2022";"11";"51";"2609";"2470";"2071";"763";"211";"240";"664";"57";"14";"23";"375"
"CS MONTE CRISTO";"41";"1793";"1851";"462";"1627";"1043";"2409";"281";"1908";"11";"62";"2570";"2248";"1907";"850";"219";"135";"541";"56";"24";"17";"315"
"CS MONTE CRISTO";"42";"1936";"1968";"419";"1686";"1451";"2592";"330";"2018";"11";"65";"2819";"2505";"2335";"844";"170";"268";"727";"47";"4";"19";"390"
"CS MONTE CRISTO";"43";"2029";"2043";"379";"1866";"1176";"2529";"270";"2142";"17";"61";"2857";"2664";"2167";"747";"171";"359";"857";"71";"9";"23";"432"
"CS MONTE CRISTO";"44";"1525";"1587";"356";"1303";"1290";"2089";"421";"1724";"8";"32";"2265";"1959";"1938";"649";"166";"147";"578";"82";"34";"26";"268"
"CS MONTE CRISTO";"45";"1230";"1264";"263";"1081";"926";"1549";"264";"1350";"18";"45";"1720";"1548";"1409";"485";"142";"162";"438";"50";"14";"14";"227"
"CS MONTE CRISTO";"46";"4";"4";"1";"3";"3";"9";"7";"10";NA;NA;"9";"7";"4";"4";"0";"0";"2";"0";"0";"0";"2"
"CS MONTE SERRAT";"120";"1702";"1708";"296";"976";"1411";"2226";"361";"1338";"12";"48";"2386";"1750";"2079";"492";"189";"225";"537";"57";"6";"23";"178"
"CS MONTE SERRAT";"121";"1400";"1408";"165";"1239";"696";"1875";"141";"1382";"17";"53";"2241";"1964";"1523";"357";"96";"489";"796";"84";"5";"7";"261"
"CS MONTE SERRAT";"122";"1698";"1712";"337";"1428";"820";"2396";"244";"1674";"17";"68";"2683";"2300";"1754";"595";"152";"355";"776";"99";"6";"14";"364"
"CS MORRO DAS PEDRAS";"250";"1305";"1316";"268";"988";"866";"1862";"864";"1853";"8";"34";"2007";"1518";"1477";"521";"117";"267";"498";"31";"4";"8";"250"
"CS MORRO DAS PEDRAS";"251";"1582";"1600";"381";"1241";"840";"2252";"951";"2192";"4";"23";"2375";"1827";"1560";"663";"133";"292";"555";"28";"5";"16";"458"
"CS MORRO DAS PEDRAS";"252";"1516";"1522";"343";"1125";"929";"1961";"541";"1667";"5";"37";"2114";"1654";"1514";"569";"122";"306";"568";"20";"2";"12";"339"
"CS NOVO CONTINENTE";"100";"1730";"1741";"340";"1467";"1238";"2340";"158";"1629";"15";"98";"2627";"2222";"2185";"707";"158";"265";"697";"67";"10";"15";"354"
"CS NOVO CONTINENTE";"101";"1750";"1765";"353";"1397";"1382";"2411";"238";"1636";"7";"40";"2679";"2174";"2274";"613";"138";"382";"833";"75";"8";"13";"411"
"CS NOVO CONTINENTE";"102";"1345";"1380";"237";"1208";"854";"1742";"132";"1340";"13";"52";"1876";"1669";"1399";"441";"145";"150";"401";"33";"15";"14";"249"
"CS PANTANAL";"160";"2485";"2503";"474";"2099";"1384";"3705";"285";"2384";"21";"86";"3939";"3394";"2551";"801";"102";"406";"691";"88";"6";"9";"634"
"CS PANTANAL";"161";"2159";"2183";"529";"1888";"1132";"2844";"195";"2083";"21";"61";"3037";"2797";"1939";"882";"141";"249";"633";"81";"7";"26";"516"
"CS PANTANAL";"162";"1714";"1720";"325";"1448";"859";"2382";"128";"1576";"19";"56";"2478";"2150";"1486";"527";"68";"224";"340";"65";"6";"6";"340"
"CS PANTANO DO SUL";"230";"1503";"1550";"276";"1395";"620";"1984";"267";"1663";"23";"67";"2407";"2204";"1336";"593";"105";"595";"899";"31";"6";"12";"379"
"CS PANTANO DO SUL";"231";"1271";"1304";"278";"1149";"618";"1612";"225";"1375";"11";"41";"1861";"1692";"1176";"565";"102";"288";"576";"35";"5";"14";"264"
"CS PONTA DAS CANAS";"370";"2134";"2222";"399";"1893";"1233";"3016";"528";"2444";"5";"37";"3463";"3007";"2449";"734";"186";"507";"1003";"36";"6";"16";"584"
"CS PONTA DAS CANAS";"371";"1813";"1849";"361";"1547";"1220";"2440";"425";"1975";"2";"22";"2708";"2362";"2166";"619";"142";"460";"828";"30";"6";"15";"522"
"CS PRAINHA";"130";"1474";"1499";"344";"1258";"928";"1934";"143";"1402";"30";"68";"2133";"1908";"1599";"609";"133";"205";"543";"51";"8";"9";"377"
"CS PRAINHA";"131";"1379";"1408";"318";"1063";"1011";"1888";"269";"1332";"19";"71";"1983";"1683";"1511";"547";"120";"243";"468";"87";"4";"14";"280"
"CS PRAINHA";"132";"1422";"1458";"358";"1235";"976";"1800";"140";"1376";"14";"47";"1883";"1676";"1456";"568";"126";"182";"408";"51";"7";"13";"249"
"CS PRAINHA";"133";"556";"566";"60";"452";"290";"1038";"177";"631";"1";"24";"1062";"868";"670";"182";"5";"35";"117";"101";"49";"1";"128"
"CS PRAINHA";"134";"631";"667";"165";"595";"428";"756";"43";"639";"6";"20";"791";"731";"639";"263";"72";"49";"167";"19";"7";"8";"127"
"CS RATONES";"350";"2837";"2859";"635";"2322";"1749";"3637";"528";"2852";"16";"95";"4010";"3447";"2867";"1021";"274";"571";"1086";"29";"7";"16";"430"
"CS RATONES";"351";"4";"4";"1";"4";"2";"5";"16";"20";NA;NA;"5";"5";"2";"2";"1";"0";"1";"0";"0";"0";"0"
"CS RIBEIRAO DA ILHA";"220";"1504";"1516";"486";"1178";"787";"1925";"443";"1621";"11";"38";"2058";"1692";"1394";"760";"95";"417";"555";"29";"5";"12";"329"
"CS RIO TAVARES";"290";"2272";"2320";"429";"1914";"1353";"2925";"498";"2413";"16";"42";"3196";"2767";"2181";"685";"155";"315";"657";"44";"0";"24";"295"
"CS RIO TAVARES";"291";"1943";"1986";"354";"1560";"1028";"2934";"819";"2379";"23";"108";"3133";"2549";"2037";"633";"175";"336";"543";"39";"4";"6";"405"
"CS RIO TAVARES";"292";"1764";"1777";"263";"1456";"857";"2381";"447";"1904";"16";"44";"2551";"2173";"1540";"460";"137";"357";"504";"17";"1";"11";"222"
"CS RIO TAVARES";"293";"0";"0";NA;NA;NA;NA;"0";"0";NA;NA;"0";"0";"0";"0";"0";"0";"0";"1";"0";"0";"0"
"CS RIO VERMELHO";"420";"1726";"1748";"322";"1502";"1090";"2401";"501";"2003";"17";"73";"2704";"2344";"2013";"541";"167";"431";"855";"54";"5";"11";"418"
"CS RIO VERMELHO";"421";"1943";"1993";"308";"1756";"1249";"2540";"412";"2169";"16";"59";"3204";"2861";"2473";"618";"166";"542";"1272";"59";"8";"19";"535"
"CS RIO VERMELHO";"422";"1734";"1777";"303";"1478";"1169";"2323";"518";"1996";"15";"71";"2536";"2164";"1948";"526";"200";"274";"651";"32";"1";"26";"405"
"CS RIO VERMELHO";"423";"2091";"2166";"429";"1754";"1340";"2980";"866";"2622";"20";"99";"3196";"2633";"2328";"702";"278";"355";"818";"48";"9";"23";"491"
"CS RIO VERMELHO";"424";"1915";"1970";"346";"1719";"1235";"2641";"651";"2370";"19";"100";"2913";"2493";"2168";"623";"220";"360";"800";"43";"5";"19";"470"
"CS RIO VERMELHO";"425";"2002";"2061";"384";"1758";"1254";"2792";"572";"2330";"8";"92";"3102";"2658";"2343";"678";"217";"382";"897";"39";"2";"19";"526"
"CS SACO DOS LIMOES";"310";"2094";"2109";"369";"1739";"1385";"2824";"343";"2082";"10";"51";"3276";"2749";"2488";"706";"155";"490";"951";"79";"8";"10";"425"
"CS SACO DOS LIMOES";"311";"1649";"1653";"230";"1238";"1223";"2297";"333";"1571";"5";"46";"2731";"2238";"2212";"508";"109";"551";"1011";"64";"21";"13";"357"
"CS SACO DOS LIMOES";"312";"1495";"1500";"242";"1236";"1055";"2053";"259";"1496";"10";"33";"2316";"1959";"1865";"456";"136";"389";"653";"50";"2";"13";"355"
"CS SACO DOS LIMOES";"313";"1829";"1841";"337";"1221";"1389";"2458";"484";"1707";"23";"55";"2670";"1986";"2279";"605";"228";"184";"619";"67";"12";"23";"331"
"CS SACO DOS LIMOES";"314";"0";"0";NA;NA;NA;NA;"0";"0";NA;NA;"0";"0";"0";"0";"0";"0";"0";"0";"0";"0";"0"
"CS SACO GRANDE";"330";"1853";"1876";"473";"1298";"1260";"2684";"338";"1636";"6";"25";"3042";"2638";"2373";"880";"244";"168";"766";"32";"17";"26";"200"
"CS SACO GRANDE";"331";"1657";"1684";"321";"1336";"1155";"2230";"194";"1533";"5";"42";"2430";"2079";"1919";"588";"154";"242";"585";"35";"4";"21";"341"
"CS SACO GRANDE";"332";"1980";"2017";"422";"1617";"1117";"2799";"249";"1867";"25";"78";"3129";"2702";"2210";"834";"217";"288";"766";"39";"8";"21";"397"
"CS SACO GRANDE";"333";"1850";"1882";"421";"1586";"817";"2608";"249";"1839";"15";"86";"2789";"2454";"1919";"774";"216";"226";"602";"53";"11";"22";"385"
"CS SACO GRANDE";"334";"1651";"1686";"298";"1425";"798";"2302";"212";"1638";"5";"81";"2665";"2390";"1878";"572";"141";"447";"843";"52";"7";"18";"395"
"CS SACO GRANDE";"335";"1334";"1350";"320";"957";"927";"2034";"331";"1291";"15";"48";"2404";"2008";"1876";"644";"141";"278";"745";"56";"5";"11";"375"
"CS SACO GRANDE";"336";"1541";"1568";"289";"1243";"1267";"1880";"169";"1412";"18";"54";"2096";"1844";"1812";"551";"120";"226";"553";"41";"7";"10";"321"
"CS SANTINHO";"980";"2167";"2196";"465";"1661";"1377";"3201";"1022";"2683";"11";"82";"3439";"2689";"2563";"884";"234";"435";"867";"56";"12";"19";"446"
"CS SANTINHO";"981";"1867";"1899";"387";"1325";"1232";"2804";"1065";"2390";"19";"118";"2944";"2195";"2242";"704";"190";"360";"648";"64";"2";"19";"449"
"CS SANTINHO";"982";"1101";"1134";"239";"883";"807";"1339";"323";"1207";"3";"32";"1508";"1223";"1173";"379";"106";"208";"451";"20";"3";"18";"187"
"CS SANTO ANTONIO DE LISBOA";"360";"1524";"1533";"304";"1070";"1076";"2219";"264";"1334";"21";"78";"2346";"1666";"1843";"474";"93";"376";"526";"29";"0";"11";"299"
"CS SANTO ANTONIO DE LISBOA";"361";"1803";"1823";"431";"1232";"1316";"2526";"300";"1532";"19";"95";"2727";"2000";"2246";"685";"116";"474";"714";"30";"7";"12";"409"
"CS SANTO ANTONIO DE LISBOA";"362";"1310";"1319";"325";"1009";"921";"1646";"224";"1233";"11";"56";"1752";"1413";"1438";"523";"122";"196";"429";"25";"11";"6";"282"
"CS SAPE";"30";"1441";"1474";"324";"1229";"764";"1961";"607";"1837";"15";"51";"2249";"1992";"1462";"574";"138";"343";"818";"52";"5";"15";"418"
"CS SAPE";"31";"1349";"1370";"271";"1067";"974";"1832";"533";"1601";"17";"65";"2006";"1710";"1530";"481";"130";"293";"618";"43";"8";"6";"363"
"CS TAPERA";"260";"1452";"1462";"268";"1248";"978";"1817";"314";"1562";"18";"54";"2173";"1980";"1681";"505";"124";"349";"768";"32";"3";"6";"342"
"CS TAPERA";"261";"1463";"1481";"282";"1292";"788";"1880";"394";"1687";"17";"39";"2233";"2004";"1510";"556";"138";"306";"755";"30";"8";"9";"351"
"CS TAPERA";"262";"1555";"1576";"373";"1330";"936";"2125";"547";"1877";"5";"39";"2394";"2117";"1712";"661";"134";"299";"756";"42";"6";"13";"382"
"CS TAPERA";"263";"1648";"1668";"371";"1272";"1073";"2204";"574";"1846";"6";"58";"2469";"2116";"1882";"623";"157";"228";"780";"31";"2";"12";"399"
"CS TAPERA";"264";"1416";"1426";"281";"1226";"906";"1842";"327";"1553";"10";"44";"2205";"1993";"1708";"516";"115";"318";"795";"34";"7";"15";"358"
"CS TAPERA";"265";"1375";"1386";"245";"1215";"715";"1914";"401";"1616";"16";"51";"2201";"1989";"1479";"441";"107";"383";"750";"31";"4";"8";"366"
"CS TRINDADE";"850";"2000";"2017";"308";"1689";"1190";"2903";"198";"1893";"12";"60";"3103";"2634";"2110";"645";"183";"286";"694";"51";"3";"19";"393"
"CS TRINDADE";"851";"1969";"1989";"425";"1634";"1233";"2650";"221";"1856";"12";"88";"2802";"2362";"2002";"725";"282";"123";"521";"36";"18";"33";"358"
"CS TRINDADE";"852";"1612";"1615";"223";"1261";"1105";"2485";"164";"1426";"9";"42";"2551";"1986";"1897";"425";"70";"344";"482";"66";"1";"13";"400"
"CS TRINDADE";"853";"2045";"2059";"341";"1635";"1347";"2915";"226";"1869";"16";"93";"3065";"2482";"2280";"638";"98";"284";"514";"96";"2";"14";"521"
"CS TRINDADE";"854";"1975";"1998";"329";"1552";"1317";"2838";"253";"1805";"26";"109";"2910";"2353";"2168";"596";"103";"204";"440";"57";"8";"11";"496"
"CS TRINDADE";"855";"1768";"1774";"278";"1516";"1174";"2333";"108";"1625";"11";"53";"2494";"2167";"1847";"520";"81";"251";"454";"74";"5";"9";"491"
"CS VARGEM GRANDE";"410";"1733";"1754";"311";"1363";"1126";"2581";"957";"2320";"3";"75";"2772";"2230";"2187";"611";"157";"358";"725";"50";"8";"23";"504"
"CS VARGEM GRANDE";"411";"1395";"1412";"296";"1021";"1055";"1813";"533";"1554";"17";"63";"1969";"1591";"1639";"502";"146";"243";"539";"31";"1";"31";"362"
"CS VARGEM GRANDE";"414";"0";"0";NA;NA;NA;NA;"0";"0";NA;NA;"0";"0";"0";"0";"0";"0";"0";"0";"0";"0";"0"
"CS VARGEM PEQUENA";"340";"1561";"1566";"387";"1099";"1207";"2082";"587";"1686";"11";"91";"2262";"1752";"1930";"728";"106";"309";"652";"27";"6";"13";"385"
"CS VILA APARECIDA";"90";"1196";"1230";"430";"988";"920";"1463";"111";"1099";"3";"26";"1732";"1481";"1514";"660";"110";"225";"547";"39";"17";"17";"206"
"CS VILA APARECIDA";"91";"1520";"1560";"517";"1137";"1193";"1885";"183";"1324";"2";"40";"2106";"1725";"1836";"801";"172";"112";"452";"34";"23";"16";"171"
"SEM UNIDADE";"SEM EQUIPE";"2166";"2950";"441";"1815";"1285";"6610";"12634";"14473";"9";"270";"6749";"4212";"3673";"923";"117";"648";"2122";"133";"29";"4";"1262"
